day_key,source,cited_pages,section_claimed,pdf_page_checked,found_yes_no,note
1sw-wk0-day2,day.md,p.21,What is Happening at My District?,27,yes,FYF PDF p.27 content: WHAT IS HAPPENING AT MY DISTRICT? / What’s Happening at / IRVING ISD
1sw-wk0-day2,canvas_student_page,p.21,What is Happening at My District?,27,yes,FYF PDF p.27 content: WHAT IS HAPPENING AT MY DISTRICT? / What’s Happening at / IRVING ISD
1sw-wk0-day3,day.md,p.9,"(page ref, no named section)",15,yes,FYF PDF p.15 content: My Building Blocks / Most people think experience just means having a 
1sw-wk0-day3,day.md,p.10,"(page ref, no named section)",16,yes,"FYF PDF p.16 content: In Your Community: Think about volunteering, cultural or faith activit"
1sw-wk0-day3,day.md,p.11,"(page ref, no named section)",17,yes,FYF PDF p.17 content: Step 4: Reflect / Look back at your full inventory and your conversati
1sw-wk0-day3,canvas_student_page,p.9,"(page ref, no named section)",15,yes,FYF PDF p.15 content: My Building Blocks / Most people think experience just means having a 
1sw-wk0-day3,canvas_student_page,p.10,"(page ref, no named section)",16,yes,"FYF PDF p.16 content: In Your Community: Think about volunteering, cultural or faith activit"
1sw-wk0-day3,canvas_student_page,p.11,"(page ref, no named section)",17,yes,FYF PDF p.17 content: Step 4: Reflect / Look back at your full inventory and your conversati
1sw-wk0-day4,day.md,p.22,"(page ref, no named section)",28,yes,FYF PDF p.28 content: Building a C / are / er Communit
1sw-wk0-day4,canvas_student_page,(none),(none),,n/a,student page cites no workbook page while day.md cites [22]
1sw-wk0-day5,day.md,p.4,"(page ref, no named section)",10,yes,FYF PDF p.10 content: Perks and Quirks / Every career (called “Hats” in this workbook) has d
1sw-wk0-day5,day.md,p.5,"(page ref, no named section)",11,yes,FYF PDF p.11 content: Hat #1: ______________________________ / Career Detail / Research Note
1sw-wk0-day5,canvas_student_page,p.5,"(page ref, no named section)",11,yes,FYF PDF p.11 content: Hat #1: ______________________________ / Career Detail / Research Note
1sw-wk1-day1,day.md,p.199,Exploring the World of MANUFACTURING,205,yes,FYF PDF p.205 content: Career / Climb / 12
1sw-wk1-day1,day.md,p.210,"(page ref, no named section)",216,yes,FYF PDF p.216 content: WHAT IS HAPPENING AT MY DISTRICT? / What’s Happening at / IRVING ISD
1sw-wk1-day1,day.md,p.211,"(page ref, no named section)",217,yes,FYF PDF p.217 content: s / Students in the Robotics / Manufacturing program apply
1sw-wk1-day1,day.md,p.212,App Exploration,218,yes,FYF PDF p.218 content: 12 / App Exploration / Get out your laptop. Open the Hats & Ladders ap
1sw-wk1-day1,canvas_student_page,(none),(none),,n/a,"student page cites no workbook page while day.md cites [199, 210, 211, 212]"
1sw-wk1-day2,day.md,p.207,Machine Breakdown Mystery,213,yes,FYF PDF p.213 content: Machine / Breakdown Mystery / 12
1sw-wk1-day2,day.md,p.208,Machine Breakdown Mystery,214,yes,FYF PDF p.214 content: Step 2: Understand the Problem / • The machine made a clicking noise b
1sw-wk1-day2,day.md,p.212,App Exploration,218,yes,FYF PDF p.218 content: 12 / App Exploration / Get out your laptop. Open the Hats & Ladders ap
1sw-wk1-day2,canvas_student_page,p.207,Machine Breakdown Mystery,213,yes,FYF PDF p.213 content: Machine / Breakdown Mystery / 12
1sw-wk1-day2,canvas_student_page,p.208,Machine Breakdown Mystery,214,yes,FYF PDF p.214 content: Step 2: Understand the Problem / • The machine made a clicking noise b
1sw-wk1-day3,day.md,p.204,Super Sports Manufacturing,210,yes,FYF PDF p.210 content: 12 / Super Sports / Manufacturing
1sw-wk1-day3,day.md,p.205,Super Sports Manufacturing,211,partial,"section title ""Super Sports Manufacturing"" not literally on printed p.205; appears on printed p.204 | page content: Step 2: Choose Your Metal / Different metals have different strengths "
1sw-wk1-day3,day.md,p.206,Super Sports Manufacturing,212,partial,"section title ""Super Sports Manufacturing"" not literally on printed p.206; appears on printed p.204 | page content: Step 4: Label Your Welds / Now, go back to your sketch and clearly / l"
1sw-wk1-day3,canvas_student_page,p.204,Super Sports Manufacturing,210,yes,FYF PDF p.210 content: 12 / Super Sports / Manufacturing
1sw-wk1-day3,canvas_student_page,p.205,Super Sports Manufacturing,211,partial,"section title ""Super Sports Manufacturing"" not literally on printed p.205; appears on printed p.204 | page content: Step 2: Choose Your Metal / Different metals have different strengths "
1sw-wk1-day3,canvas_student_page,p.206,Super Sports Manufacturing,212,partial,"section title ""Super Sports Manufacturing"" not literally on printed p.206; appears on printed p.204 | page content: Step 4: Label Your Welds / Now, go back to your sketch and clearly / l"
1sw-wk1-day4,day.md,p.200,"(page ref, no named section)",206,yes,FYF PDF p.206 content: 12 / Robots for Crayons / A lot of factories stay open 24/7. To pull t
1sw-wk1-day4,day.md,p.201,"(page ref, no named section)",207,yes,FYF PDF p.207 content: Step 2: How the Machines Work / COLOR SENSORS / • Detect color using l
1sw-wk1-day4,day.md,p.202,"(page ref, no named section)",208,yes,FYF PDF p.208 content: Problem 2: Slow Robotic Arm / What’s Happening: / The robot arm someti
1sw-wk1-day4,day.md,p.203,"(page ref, no named section)",209,yes,FYF PDF p.209 content: Step 5: Create a Plan / Discuss the different solutions you came up wi
1sw-wk1-day4,canvas_student_page,p.200,"(page ref, no named section)",206,yes,FYF PDF p.206 content: 12 / Robots for Crayons / A lot of factories stay open 24/7. To pull t
1sw-wk1-day4,canvas_student_page,p.201,"(page ref, no named section)",207,yes,FYF PDF p.207 content: Step 2: How the Machines Work / COLOR SENSORS / • Detect color using l
1sw-wk1-day4,canvas_student_page,p.202,"(page ref, no named section)",208,yes,FYF PDF p.208 content: Problem 2: Slow Robotic Arm / What’s Happening: / The robot arm someti
1sw-wk2-day1,day.md,p.23,Exploring the World of INFORMATION TECHNOLOGY,29,yes,FYF PDF p.29 content: Career / Climb / 2
1sw-wk2-day1,day.md,p.36,What is Happening at My District?,42,yes,FYF PDF p.42 content: WHAT IS HAPPENING AT MY DISTRICT? / What’s Happening at / IRVING ISD
1sw-wk2-day1,day.md,p.38,App Exploration,44,yes,FYF PDF p.44 content: 2 / App Exploration / Get out your laptop. Open the Hats & Ladders app
1sw-wk2-day1,canvas_student_page,p.23,Exploring the World of INFORMATION TECHNOLOGY,29,yes,FYF PDF p.29 content: Career / Climb / 2
1sw-wk2-day2,day.md,p.38,App Exploration,44,yes,FYF PDF p.44 content: 2 / App Exploration / Get out your laptop. Open the Hats & Ladders app
1sw-wk2-day2,canvas_student_page,(none),(none),,n/a,student page cites no workbook page while day.md cites [38]
1sw-wk2-day3,day.md,p.26,Powerskill: Resilience,32,yes,FYF PDF p.32 content: 2 / Have you ever spent a ton of time on a project or / practiced hard
1sw-wk2-day3,day.md,p.27,Powerskill: Resilience,33,partial,"section title ""Powerskill: Resilience"" not literally on printed p.27; appears on printed p.26 | page content: Step 2: Flip the Failure / The plan didn’t work, and your team is / fe"
1sw-wk2-day3,canvas_student_page,p.26,Powerskill: Resilience,32,yes,FYF PDF p.32 content: 2 / Have you ever spent a ton of time on a project or / practiced hard
1sw-wk3-day1,day.md,p.38,"(page ref, no named section)",44,yes,FYF PDF p.44 content: 2 / App Exploration / Get out your laptop. Open the Hats & Ladders app
1sw-wk3-day1,canvas_student_page,(none),(none),,n/a,student page cites no workbook page while day.md cites [38]
1sw-wk3-day2,day.md,p.28,"(page ref, no named section)",34,yes,FYF PDF p.34 content: 2 / Website Revamp / Have you ever used an app that was super confusin
1sw-wk3-day2,day.md,p.29,"(page ref, no named section)",35,yes,FYF PDF p.35 content: Step 3: Be a UX Detective / What works well? List at least 3 things th
1sw-wk3-day2,canvas_student_page,p.28,"(page ref, no named section)",34,yes,FYF PDF p.34 content: 2 / Website Revamp / Have you ever used an app that was super confusin
1sw-wk3-day2,canvas_student_page,p.29,"(page ref, no named section)",35,yes,FYF PDF p.35 content: Step 3: Be a UX Detective / What works well? List at least 3 things th
1sw-wk3-day3,day.md,p.30,"(page ref, no named section)",36,yes,"FYF PDF p.36 content: 2 / From Wireframe to Wow / Have you ever used an app and thought, “Wo"
1sw-wk3-day3,day.md,p.31,"(page ref, no named section)",37,yes,"FYF PDF p.37 content: Step 3: Create / Wireframes / Wireframes are quick, simple"
1sw-wk3-day3,day.md,p.32,"(page ref, no named section)",38,yes,FYF PDF p.38 content: 32 / Screen 3: Action Screen / Screen 4: “Success” Screen
1sw-wk3-day3,day.md,p.33,"(page ref, no named section)",39,yes,FYF PDF p.39 content: Step 4: Test Your App / Trade your design with a partner. / Your partn
1sw-wk3-day3,day.md,p.280,"(page ref, no named section)",286,yes,FYF PDF p.286 content: Rubric / 4 - Excellent / 3 - Good
1sw-wk3-day3,canvas_student_page,p.30,"(page ref, no named section)",36,yes,"FYF PDF p.36 content: 2 / From Wireframe to Wow / Have you ever used an app and thought, “Wo"
1sw-wk3-day3,canvas_student_page,p.31,"(page ref, no named section)",37,yes,"FYF PDF p.37 content: Step 3: Create / Wireframes / Wireframes are quick, simple"
1sw-wk3-day3,canvas_student_page,p.32,"(page ref, no named section)",38,yes,FYF PDF p.38 content: 32 / Screen 3: Action Screen / Screen 4: “Success” Screen
1sw-wk3-day3,canvas_student_page,p.33,"(page ref, no named section)",39,yes,FYF PDF p.39 content: Step 4: Test Your App / Trade your design with a partner. / Your partn
1sw-wk4-day1,day.md,p.36,"(page ref, no named section)",42,yes,FYF PDF p.42 content: WHAT IS HAPPENING AT MY DISTRICT? / What’s Happening at / IRVING ISD
1sw-wk4-day1,day.md,p.38,"(page ref, no named section)",44,yes,FYF PDF p.44 content: 2 / App Exploration / Get out your laptop. Open the Hats & Ladders app
1sw-wk4-day1,canvas_student_page,(none),(none),,n/a,"student page cites no workbook page while day.md cites [36, 38]"
1sw-wk4-day2,day.md,p.37,"(page ref, no named section)",43,yes,FYF PDF p.43 content: Related / Irving ISD’s new Career and Technical / Education Center wil
1sw-wk4-day2,canvas_student_page,(none),(none),,n/a,student page cites no workbook page while day.md cites [37]
1sw-wk5-day1,day.md,p.36,"(page ref, no named section)",42,yes,FYF PDF p.42 content: WHAT IS HAPPENING AT MY DISTRICT? / What’s Happening at / IRVING ISD
1sw-wk5-day1,day.md,p.37,"(page ref, no named section)",43,yes,FYF PDF p.43 content: Related / Irving ISD’s new Career and Technical / Education Center wil
1sw-wk5-day1,day.md,p.38,"(page ref, no named section)",44,yes,FYF PDF p.44 content: 2 / App Exploration / Get out your laptop. Open the Hats & Ladders app
1sw-wk5-day1,canvas_student_page,(none),(none),,n/a,"student page cites no workbook page while day.md cites [36, 37, 38]"
1sw-wk5-day2,day.md,p.24,"(page ref, no named section)",30,yes,FYF PDF p.30 content: 2 / Safe or Spoofed? / Cybersecurity exists for a reason: not everyone
1sw-wk5-day2,day.md,p.25,"(page ref, no named section)",31,yes,FYF PDF p.31 content: Step 2: Investigate the Inbox / Get Climber Notes from your teacher. R
1sw-wk5-day2,canvas_student_page,(none),(none),,n/a,"student page cites no workbook page while day.md cites [24, 25]"
1sw-wk5-day3,day.md,p.34,"(page ref, no named section)",40,yes,FYF PDF p.40 content: 2 / Powerskill: / Work Ethic
1sw-wk5-day3,day.md,p.35,"(page ref, no named section)",41,yes,FYF PDF p.41 content: Step 2: Plan Your Program / Question / Answer
1sw-wk5-day3,canvas_student_page,(none),(none),,n/a,"student page cites no workbook page while day.md cites [34, 35]"
1sw-wk5-day4,day.md,p.36,"(page ref, no named section)",42,yes,FYF PDF p.42 content: WHAT IS HAPPENING AT MY DISTRICT? / What’s Happening at / IRVING ISD
1sw-wk5-day4,day.md,p.37,"(page ref, no named section)",43,yes,FYF PDF p.43 content: Related / Irving ISD’s new Career and Technical / Education Center wil
1sw-wk5-day4,day.md,p.38,"(page ref, no named section)",44,yes,FYF PDF p.44 content: 2 / App Exploration / Get out your laptop. Open the Hats & Ladders app
1sw-wk5-day4,canvas_student_page,p.36,"(page ref, no named section)",42,yes,FYF PDF p.42 content: WHAT IS HAPPENING AT MY DISTRICT? / What’s Happening at / IRVING ISD
1sw-wk5-day4,canvas_student_page,p.37,"(page ref, no named section)",43,yes,FYF PDF p.43 content: Related / Irving ISD’s new Career and Technical / Education Center wil
1sw-wk5-day4,canvas_student_page,p.38,"(page ref, no named section)",44,yes,FYF PDF p.44 content: 2 / App Exploration / Get out your laptop. Open the Hats & Ladders app
2sw-wk1-day1,day.md,p.39,Exploring the World of LAW AND PUBLIC SAFETY,45,yes,FYF PDF p.45 content: Career / Climb / 3
2sw-wk1-day1,day.md,p.56,What is Happening at My District?,62,yes,FYF PDF p.62 content: WHAT IS HAPPENING AT MY DISTRICT? / What’s Happening at / IRVING ISD
2sw-wk1-day1,day.md,p.58,App Exploration,64,yes,FYF PDF p.64 content: 3 / App Exploration / Get out your laptop. Open the Hats & Ladders app
2sw-wk1-day1,canvas_student_page,(none),(none),,n/a,"student page cites no workbook page while day.md cites [39, 56, 58]"
2sw-wk1-day2,day.md,p.50,Emergency Essentials: Kit Design,56,yes,FYF PDF p.56 content: 3 / Emergency Essentials: / Kit Design
2sw-wk1-day2,day.md,p.51,Emergency Essentials: Kit Design,57,partial,"section title ""Emergency Essentials: Kit Design"" not literally on printed p.51; appears on printed p.50 | page content: Step 3: Design Your Kit / It is time to create your kit! Draw your ite"
2sw-wk1-day2,canvas_student_page,(none),(none),,n/a,"student page cites no workbook page while day.md cites [50, 51]"
2sw-wk1-day3,day.md,p.40,"(page ref, no named section)",46,yes,FYF PDF p.46 content: 3 / City Council / in Action
2sw-wk1-day3,day.md,p.41,"(page ref, no named section)",47,yes,FYF PDF p.47 content: Step 2: Design Your Town / Create a basic plan for your town. Write or
2sw-wk1-day3,day.md,p.42,"(page ref, no named section)",48,yes,FYF PDF p.48 content: Step 3: Think Ahead: What Could Go Wrong? / Every town has challenges.
2sw-wk1-day3,day.md,p.43,"(page ref, no named section)",49,yes,FYF PDF p.49 content: Step 5: Review the Laws / City council members work together to review
2sw-wk1-day3,canvas_student_page,(none),(none),,n/a,"student page cites no workbook page while day.md cites [40, 41, 42, 43]"
2sw-wk1-day4,day.md,p.44,"(page ref, no named section)",50,yes,FYF PDF p.50 content: 3 / Policy Showdown / Cities deal with problems that affect how people
2sw-wk1-day4,day.md,p.45,"(page ref, no named section)",51,yes,"FYF PDF p.51 content: Who it applies to: / • Park visitors / • Food vendors, like food truck"
2sw-wk1-day4,day.md,p.46,"(page ref, no named section)",52,yes,FYF PDF p.52 content: Step 3: Prepare Your Arguments / Plan a 1-2 minute argument to present
2sw-wk1-day4,day.md,p.47,"(page ref, no named section)",53,yes,FYF PDF p.53 content: Step 4: Present Your Argument / Now that you have prepared your argume
2sw-wk1-day4,canvas_student_page,(none),(none),,n/a,"student page cites no workbook page while day.md cites [44, 45, 46, 47]"
2sw-wk1-day5,day.md,p.56,"(page ref, no named section)",62,yes,FYF PDF p.62 content: WHAT IS HAPPENING AT MY DISTRICT? / What’s Happening at / IRVING ISD
2sw-wk1-day5,day.md,p.58,App Exploration,64,yes,FYF PDF p.64 content: 3 / App Exploration / Get out your laptop. Open the Hats & Ladders app
2sw-wk1-day5,day.md,p.283,Rung 2: Career Goal,289,yes,"FYF PDF p.289 content: Rung 2: Career Goal / Now that you know more about yourself, it’s time"
2sw-wk1-day5,canvas_student_page,(none),(none),,n/a,"student page cites no workbook page while day.md cites [56, 58, 283]"
2sw-wk2-day1,day.md,p.39,"(page ref, no named section)",45,yes,FYF PDF p.45 content: Career / Climb / 3
2sw-wk2-day1,day.md,p.56,"(page ref, no named section)",62,yes,FYF PDF p.62 content: WHAT IS HAPPENING AT MY DISTRICT? / What’s Happening at / IRVING ISD
2sw-wk2-day1,day.md,p.57,"(page ref, no named section)",63,yes,FYF PDF p.63 content: Related / Students in the Legal Studies program / at Singley Academy l
2sw-wk2-day1,canvas_student_page,(none),(none),,n/a,"student page cites no workbook page while day.md cites [39, 56, 57]"
2sw-wk2-day2,day.md,p.48,"(page ref, no named section)",54,yes,FYF PDF p.54 content: 3 / Clinton Lake Case / Lawyers are people who help solve problems usi
2sw-wk2-day2,day.md,p.49,"(page ref, no named section)",55,yes,FYF PDF p.55 content: Step 3: Build Your Case / Now it’s time to organize your argument. / A
2sw-wk2-day2,canvas_student_page,(none),(none),,n/a,"student page cites no workbook page while day.md cites [48, 49]"
2sw-wk2-day3,day.md,p.52,"(page ref, no named section)",58,yes,"FYF PDF p.58 content: 3 / Injured on the Trail / When someone is injured in the wilderness, "
2sw-wk2-day3,day.md,p.53,"(page ref, no named section)",59,yes,FYF PDF p.59 content: Step 2: Work as a WFR / Step 3: Reflect and Switch Roles / Take turns 
2sw-wk2-day3,canvas_student_page,(none),(none),,n/a,"student page cites no workbook page while day.md cites [52, 53]"
2sw-wk2-day4,day.md,p.53,"(page ref, no named section)",59,yes,FYF PDF p.59 content: Step 2: Work as a WFR / Step 3: Reflect and Switch Roles / Take turns 
2sw-wk2-day4,day.md,p.54,"(page ref, no named section)",60,yes,"FYF PDF p.60 content: Step 5: Handle Wilderness / Complications / WFRs have to think fast, s"
2sw-wk2-day4,canvas_student_page,(none),(none),,n/a,"student page cites no workbook page while day.md cites [53, 54]"
2sw-wk2-day5,day.md,p.58,"(page ref, no named section)",64,yes,FYF PDF p.64 content: 3 / App Exploration / Get out your laptop. Open the Hats & Ladders app
2sw-wk2-day5,canvas_student_page,(none),(none),,n/a,student page cites no workbook page while day.md cites [58]
2sw-wk3-day1,day.md,p.59,Exploring the World of HEALTH SCIENCE,65,yes,FYF PDF p.65 content: Career / Climb / 4
2sw-wk3-day1,day.md,p.84,"(page ref, no named section)",90,yes,FYF PDF p.90 content: WHAT IS HAPPENING AT MY DISTRICT? / What’s Happening at / IRVING ISD
2sw-wk3-day1,day.md,p.85,"(page ref, no named section)",91,yes,FYF PDF p.91 content: Related / Students in the Health Science program at / Singley Academy 
2sw-wk3-day1,canvas_student_page,(none),(none),,n/a,"student page cites no workbook page while day.md cites [59, 84, 85]"
2sw-wk3-day3,day.md,p.60,"(page ref, no named section)",66,yes,FYF PDF p.66 content: 4 / Vitals in Motion / Not all nurses work in the same place every day
2sw-wk3-day3,canvas_student_page,(none),(none),,n/a,student page cites no workbook page while day.md cites [60]
2sw-wk3-day4,day.md,p.61,"(page ref, no named section)",67,yes,FYF PDF p.67 content: Step 2: Work as a Travel Nurse / Take turns acting as the Travel Nurse
2sw-wk3-day4,canvas_student_page,(none),(none),,n/a,student page cites no workbook page while day.md cites [61]
2sw-wk4-day1,day.md,p.69,"(page ref, no named section)",75,yes,FYF PDF p.75 content: 4 / Smile Squad / Ever wondered who takes care of kids’ teeth and make
2sw-wk4-day1,day.md,p.70,"(page ref, no named section)",76,yes,FYF PDF p.76 content: Step 3: Fill Out the Chart on Mia’s Cavity Risk / Patient Name: Mia / 
2sw-wk4-day1,day.md,p.71,"(page ref, no named section)",77,yes,FYF PDF p.77 content: Step 5: Team Check-In / Share your answers with a partner or small gro
2sw-wk4-day1,canvas_student_page,p.69,"(page ref, no named section)",75,yes,FYF PDF p.75 content: 4 / Smile Squad / Ever wondered who takes care of kids’ teeth and make
2sw-wk4-day1,canvas_student_page,p.70,"(page ref, no named section)",76,yes,FYF PDF p.76 content: Step 3: Fill Out the Chart on Mia’s Cavity Risk / Patient Name: Mia / 
2sw-wk4-day1,canvas_student_page,p.71,"(page ref, no named section)",77,yes,FYF PDF p.77 content: Step 5: Team Check-In / Share your answers with a partner or small gro
2sw-wk4-day2,day.md,p.72,"(page ref, no named section)",78,yes,FYF PDF p.78 content: 4 / Perfect Toothbrush / The dental field is important for keeping us 
2sw-wk4-day2,day.md,p.73,"(page ref, no named section)",79,yes,FYF PDF p.79 content: Step 2: Sketch Your Perfect Toothbrush / Label key elements and explai
2sw-wk4-day2,canvas_student_page,p.72,"(page ref, no named section)",78,yes,FYF PDF p.78 content: 4 / Perfect Toothbrush / The dental field is important for keeping us 
2sw-wk4-day2,canvas_student_page,p.73,"(page ref, no named section)",79,yes,FYF PDF p.79 content: Step 2: Sketch Your Perfect Toothbrush / Label key elements and explai
2sw-wk4-day4,day.md,p.84,"(page ref, no named section)",90,yes,FYF PDF p.90 content: WHAT IS HAPPENING AT MY DISTRICT? / What’s Happening at / IRVING ISD
2sw-wk4-day4,day.md,p.85,"(page ref, no named section)",91,yes,FYF PDF p.91 content: Related / Students in the Health Science program at / Singley Academy 
2sw-wk4-day4,canvas_student_page,p.84,"(page ref, no named section)",90,yes,FYF PDF p.90 content: WHAT IS HAPPENING AT MY DISTRICT? / What’s Happening at / IRVING ISD
2sw-wk4-day4,canvas_student_page,p.85,"(page ref, no named section)",91,yes,FYF PDF p.91 content: Related / Students in the Health Science program at / Singley Academy 
2sw-wk5-day1,day.md,p.12,"(page ref, no named section)",18,yes,FYF PDF p.18 content: Introduction to Powerskills / You already have skills that nobody spec
2sw-wk5-day1,day.md,p.13,"(page ref, no named section)",19,yes,FYF PDF p.19 content: Step 2: Make Connections / Partner up or join a small group. Choose th
2sw-wk5-day1,day.md,p.14,"(page ref, no named section)",20,yes,FYF PDF p.20 content: Step 4: Build Your Powerskills Trading Card / Now that you know your P
2sw-wk5-day1,day.md,p.144,"(page ref, no named section)",150,yes,FYF PDF p.150 content: 9 / Powerskill: / Conflict Resolution
2sw-wk5-day1,day.md,p.145,"(page ref, no named section)",151,yes,"FYF PDF p.151 content: Step 2: Work Through Conflict / As a group, create a plan to work thro"
2sw-wk5-day1,canvas_student_page,p.144,"(page ref, no named section)",150,yes,FYF PDF p.150 content: 9 / Powerskill: / Conflict Resolution
2sw-wk5-day1,canvas_student_page,p.145,"(page ref, no named section)",151,yes,"FYF PDF p.151 content: Step 2: Work Through Conflict / As a group, create a plan to work thro"
2sw-wk5-day2,day.md,p.62,"(page ref, no named section)",68,yes,FYF PDF p.68 content: 4 / Powerskill: / Active Listening
2sw-wk5-day2,day.md,p.63,"(page ref, no named section)",69,yes,FYF PDF p.69 content: Step 2: Separate Important Details from Extra Information / Patients o
2sw-wk5-day2,canvas_student_page,p.62,"(page ref, no named section)",68,yes,FYF PDF p.68 content: 4 / Powerskill: / Active Listening
2sw-wk5-day2,canvas_student_page,p.63,"(page ref, no named section)",69,yes,FYF PDF p.69 content: Step 2: Separate Important Details from Extra Information / Patients o
2sw-wk5-day3,day.md,p.134,"(page ref, no named section)",140,yes,FYF PDF p.140 content: 8 / Powerskill: Advocacy / Advocacy is the act of supporting or standi
2sw-wk5-day3,day.md,p.135,"(page ref, no named section)",141,yes,FYF PDF p.141 content: Step 2: Brainstorm Ideas / Use sticky notes to brainstorm ideas about 
2sw-wk5-day3,canvas_student_page,(none),(none),,n/a,"student page cites no workbook page while day.md cites [134, 135]"
2sw-wk5-day4,day.md,p.147,"(page ref, no named section)",153,yes,FYF PDF p.153 content: Powerskill: / Written Communication / 9
2sw-wk5-day4,day.md,p.148,"(page ref, no named section)",154,yes,FYF PDF p.154 content: Step 2: Create a Social Media Post / Your post should: / • Clearly exp
2sw-wk5-day4,canvas_student_page,p.147,"(page ref, no named section)",153,yes,FYF PDF p.153 content: Powerskill: / Written Communication / 9
2sw-wk5-day4,canvas_student_page,p.148,"(page ref, no named section)",154,yes,FYF PDF p.154 content: Step 2: Create a Social Media Post / Your post should: / • Clearly exp
2sw-wk6-day2,day.md,p.79,"(page ref, no named section)",85,yes,FYF PDF p.85 content: 4 / Mini Medics / Imagine a robot so small it can travel through the h
2sw-wk6-day2,day.md,p.80,"(page ref, no named section)",86,yes,FYF PDF p.86 content: Step 2: Plan Your Nanobot / Name of your nanobot:_____________________
2sw-wk6-day2,day.md,p.81,"(page ref, no named section)",87,yes,FYF PDF p.87 content: Step 3: Draw and Label / Your Nanobot / Use chart paper or poster boar
2sw-wk6-day2,canvas_student_page,p.79,"(page ref, no named section)",85,yes,FYF PDF p.85 content: 4 / Mini Medics / Imagine a robot so small it can travel through the h
2sw-wk6-day2,canvas_student_page,p.80,"(page ref, no named section)",86,yes,FYF PDF p.86 content: Step 2: Plan Your Nanobot / Name of your nanobot:_____________________
2sw-wk6-day2,canvas_student_page,p.81,"(page ref, no named section)",87,yes,FYF PDF p.87 content: Step 3: Draw and Label / Your Nanobot / Use chart paper or poster boar
2sw-wk6-day3,day.md,p.74,"(page ref, no named section)",80,yes,FYF PDF p.80 content: 4 / Outbreak Investigators / Environmental epidemiologists are scienti
2sw-wk6-day3,day.md,p.75,"(page ref, no named section)",81,yes,FYF PDF p.81 content: Environmental Clues: / • The town’s main water well is / located near 
2sw-wk6-day3,day.md,p.76,"(page ref, no named section)",82,yes,FYF PDF p.82 content: Step 3: Analyze the Outbreak / Pattern of Illness: Who got sick first?
2sw-wk6-day3,day.md,p.77,"(page ref, no named section)",83,yes,FYF PDF p.83 content: Step 4: Create a Response Plan / Helpful Info for Investigators: / • W
2sw-wk6-day3,canvas_student_page,p.74,"(page ref, no named section)",80,yes,FYF PDF p.80 content: 4 / Outbreak Investigators / Environmental epidemiologists are scienti
2sw-wk6-day3,canvas_student_page,p.75,"(page ref, no named section)",81,yes,FYF PDF p.81 content: Environmental Clues: / • The town’s main water well is / located near 
2sw-wk6-day3,canvas_student_page,p.76,"(page ref, no named section)",82,yes,FYF PDF p.82 content: Step 3: Analyze the Outbreak / Pattern of Illness: Who got sick first?
2sw-wk6-day4,day.md,p.77,"(page ref, no named section)",83,yes,FYF PDF p.83 content: Step 4: Create a Response Plan / Helpful Info for Investigators: / • W
2sw-wk6-day4,day.md,p.78,"(page ref, no named section)",84,yes,FYF PDF p.84 content: Immediate Actions: / What should people do right away to stay safe? (C
2sw-wk6-day4,canvas_student_page,p.77,"(page ref, no named section)",83,yes,FYF PDF p.83 content: Step 4: Create a Response Plan / Helpful Info for Investigators: / • W
2sw-wk6-day4,canvas_student_page,p.78,"(page ref, no named section)",84,yes,FYF PDF p.84 content: Immediate Actions: / What should people do right away to stay safe? (C
2sw-wk6-day5,day.md,p.82,"(page ref, no named section)",88,yes,FYF PDF p.88 content: 4 / Patient / Education
2sw-wk6-day5,day.md,p.83,"(page ref, no named section)",89,yes,FYF PDF p.89 content: Step 3: Generate / and Observe / What Went
2sw-wk6-day5,canvas_student_page,(none),(none),,n/a,"student page cites no workbook page while day.md cites [82, 83]"
3sw-wk1-day1,day.md,p.87,"(page ref, no named section)",93,yes,FYF PDF p.93 content: Career / Climb / 5
3sw-wk1-day1,canvas_student_page,(none),(none),,n/a,student page cites no workbook page while day.md cites [87]
3sw-wk1-day3,day.md,p.96,"(page ref, no named section)",102,yes,FYF PDF p.102 content: 5 / Powerskill: / Critical Thinking
3sw-wk1-day3,day.md,p.97,"(page ref, no named section)",103,yes,FYF PDF p.103 content: PATIENT CHART #2 / Name: Barnaby Animal: Canine (Golden Retriever) Age
3sw-wk1-day3,day.md,p.98,"(page ref, no named section)",104,yes,"FYF PDF p.104 content: Step 2: Check / the Normal Ranges / For each stat, ask yourself:"
3sw-wk1-day3,day.md,p.99,"(page ref, no named section)",105,yes,FYF PDF p.105 content: Step 3: Identify Critical Information / For Leo: / For Barnaby:
3sw-wk1-day3,canvas_student_page,p.96,"(page ref, no named section)",102,yes,FYF PDF p.102 content: 5 / Powerskill: / Critical Thinking
3sw-wk1-day3,canvas_student_page,p.97,"(page ref, no named section)",103,yes,FYF PDF p.103 content: PATIENT CHART #2 / Name: Barnaby Animal: Canine (Golden Retriever) Age
3sw-wk1-day3,canvas_student_page,p.98,"(page ref, no named section)",104,yes,"FYF PDF p.104 content: Step 2: Check / the Normal Ranges / For each stat, ask yourself:"
3sw-wk1-day3,canvas_student_page,p.99,"(page ref, no named section)",105,yes,FYF PDF p.105 content: Step 3: Identify Critical Information / For Leo: / For Barnaby:
3sw-wk1-day5,day.md,p.100,"(page ref, no named section)",106,yes,FYF PDF p.106 content: WHAT IS HAPPENING AT MY DISTRICT? / What’s Happening at / IRVING ISD
3sw-wk1-day5,day.md,p.101,"(page ref, no named section)",107,yes,FYF PDF p.107 content: Related / The Agricultural Science program at / Nimitz High School fea
3sw-wk1-day5,canvas_student_page,p.100,"(page ref, no named section)",106,yes,FYF PDF p.106 content: WHAT IS HAPPENING AT MY DISTRICT? / What’s Happening at / IRVING ISD
3sw-wk1-day5,canvas_student_page,p.101,"(page ref, no named section)",107,yes,FYF PDF p.107 content: Related / The Agricultural Science program at / Nimitz High School fea
3sw-wk2-day1,day.md,p.88,"(page ref, no named section)",94,yes,FYF PDF p.94 content: 5 / Grow System Rescue / Hydroponic farms are changing how food is gro
3sw-wk2-day1,day.md,p.89,"(page ref, no named section)",95,yes,FYF PDF p.95 content: Step 2: Investigate the Grow Zone / You inspect the affected lettuce s
3sw-wk2-day1,day.md,p.90,"(page ref, no named section)",96,yes,FYF PDF p.96 content: Step 4: Decide What to Fix First / You can’t fix everything at once. C
3sw-wk2-day1,canvas_student_page,p.88,"(page ref, no named section)",94,yes,FYF PDF p.94 content: 5 / Grow System Rescue / Hydroponic farms are changing how food is gro
3sw-wk2-day1,canvas_student_page,p.89,"(page ref, no named section)",95,yes,FYF PDF p.95 content: Step 2: Investigate the Grow Zone / You inspect the affected lettuce s
3sw-wk2-day1,canvas_student_page,p.90,"(page ref, no named section)",96,yes,FYF PDF p.96 content: Step 4: Decide What to Fix First / You can’t fix everything at once. C
3sw-wk2-day2,day.md,p.91,"(page ref, no named section)",97,yes,FYF PDF p.97 content: Farm to Table / 5 / Have you ever wondered how your food gets from the
3sw-wk2-day2,day.md,p.92,"(page ref, no named section)",98,yes,FYF PDF p.98 content: Step 2: Brainstorm Ideas / Grab sticky notes and brainstorm ideas for 
3sw-wk2-day2,canvas_student_page,p.91,"(page ref, no named section)",97,yes,FYF PDF p.97 content: Farm to Table / 5 / Have you ever wondered how your food gets from the
3sw-wk2-day2,canvas_student_page,p.92,"(page ref, no named section)",98,yes,FYF PDF p.98 content: Step 2: Brainstorm Ideas / Grab sticky notes and brainstorm ideas for 
3sw-wk2-day3,canvas_student_page,p.92,"(page ref, no named section)",98,yes,FYF PDF p.98 content: Step 2: Brainstorm Ideas / Grab sticky notes and brainstorm ideas for 
3sw-wk3-day2,day.md,p.93,"(page ref, no named section)",99,yes,FYF PDF p.99 content: Ag-Tech Pest Patrol / 5 / Imagine the work of a farmer managing a comp
3sw-wk3-day2,day.md,p.94,"(page ref, no named section)",100,yes,FYF PDF p.100 content: Field Notes - Farmer / Field Notes - Plant Scientist / Name: Dale Jime
3sw-wk3-day2,canvas_student_page,(none),(none),,n/a,"student page cites no workbook page while day.md cites [93, 94]"
3sw-wk3-day3,day.md,p.95,"(page ref, no named section)",101,yes,FYF PDF p.101 content: Step 3: Design Your Drone / Use chart paper to design your drone. / La
3sw-wk3-day3,canvas_student_page,(none),(none),,n/a,student page cites no workbook page while day.md cites [95]
3sw-wk3-day4,day.md,p.95,"(page ref, no named section)",101,yes,FYF PDF p.101 content: Step 3: Design Your Drone / Use chart paper to design your drone. / La
3sw-wk3-day4,canvas_student_page,p.95,"(page ref, no named section)",101,yes,FYF PDF p.101 content: Step 3: Design Your Drone / Use chart paper to design your drone. / La
3sw-wk3-day5,day.md,p.146,"(page ref, no named section)",152,yes,FYF PDF p.152 content: 9 Powerskill: Adaptability / Adaptability is the ability to adjust whe
3sw-wk3-day5,canvas_student_page,(none),(none),,n/a,student page cites no workbook page while day.md cites [146]
3sw-wk4-day1,day.md,p.111,Exploring the World of HOSPITALITY AND TOURISM,117,yes,FYF PDF p.117 content: Career / Climb / 7X
3sw-wk4-day1,day.md,p.112,"(page ref, no named section)",118,yes,FYF PDF p.118 content: 7 / Culinary Twist / Have you ever wondered how chefs come up with the
3sw-wk4-day1,day.md,p.113,"(page ref, no named section)",119,yes,FYF PDF p.119 content: Step 3: Plan Your Dish / How will you creatively incorporate your / sp
3sw-wk4-day1,day.md,p.114,"(page ref, no named section)",120,yes,FYF PDF p.120 content: 7 / Restaurant Rebrand / A head chef is the leader of a restaurant kit
3sw-wk4-day1,day.md,p.115,"(page ref, no named section)",121,yes,FYF PDF p.121 content: Step 2: Create a New Restaurant Concept / Every great menu matches the
3sw-wk4-day1,day.md,p.116,"(page ref, no named section)",122,yes,FYF PDF p.122 content: Step 4: Create a New Menu Design / MY RESTAURANT MENU / Appetizers:
3sw-wk4-day1,canvas_student_page,p.112,"(page ref, no named section)",118,yes,FYF PDF p.118 content: 7 / Culinary Twist / Have you ever wondered how chefs come up with the
3sw-wk4-day1,canvas_student_page,p.113,"(page ref, no named section)",119,yes,FYF PDF p.119 content: Step 3: Plan Your Dish / How will you creatively incorporate your / sp
3sw-wk4-day2,day.md,p.121,Powerskill: Motivation,127,yes,"FYF PDF p.127 content: Powerskill: Motivation / 7 / Motivation is what keeps you going, even "
3sw-wk4-day2,day.md,p.122,Powerskill: Motivation,128,partial,"section title ""Powerskill: Motivation"" not literally on printed p.122; appears on printed p.121 | page content: Step 2: Create a Detailed Competition Plan / Category / Contest Name: "
3sw-wk4-day2,day.md,p.123,Powerskill: Motivation,129,partial,"section title ""Powerskill: Motivation"" not literally on printed p.123; appears on printed p.121 | page content: Step 3: Share and Compare / Pair up with a partner or small group / an"
3sw-wk4-day2,canvas_student_page,p.122,Powerskill: Motivation,128,partial,"section title ""Powerskill: Motivation"" not literally on printed p.122; appears on printed p.121 | page content: Step 2: Create a Detailed Competition Plan / Category / Contest Name: "
3sw-wk4-day3,day.md,p.117,Hotel Rescue,123,yes,FYF PDF p.123 content: Hotel Rescue / 7 / Have you ever thought about what it is like to run 
3sw-wk4-day3,day.md,p.118,Hotel Rescue,124,partial,"section title ""Hotel Rescue"" not literally on printed p.118; appears on printed p.117 | page content: Step 3: Brainstorm Solutions / As a team, work together to find the be"
3sw-wk4-day3,canvas_student_page,p.117,Hotel Rescue,123,yes,FYF PDF p.123 content: Hotel Rescue / 7 / Have you ever thought about what it is like to run 
3sw-wk4-day3,canvas_student_page,p.118,Hotel Rescue,124,partial,"section title ""Hotel Rescue"" not literally on printed p.118; appears on printed p.117 | page content: Step 3: Brainstorm Solutions / As a team, work together to find the be"
3sw-wk4-day4,day.md,p.119,Cater and Create,125,yes,"FYF PDF p.125 content: 7 / Cater and Create / When people think about catering, they often th"
3sw-wk4-day4,day.md,p.120,Cater and Create,126,partial,"section title ""Cater and Create"" not literally on printed p.120; appears on printed p.119 | page content: Step 3: Design the / Table Experience / Design the visual side of the "
3sw-wk4-day4,canvas_student_page,p.119,Cater and Create,125,yes,"FYF PDF p.125 content: 7 / Cater and Create / When people think about catering, they often th"
3sw-wk4-day4,canvas_student_page,p.120,Cater and Create,126,partial,"section title ""Cater and Create"" not literally on printed p.120; appears on printed p.119 | page content: Step 3: Design the / Table Experience / Design the visual side of the "
3sw-wk5-day1,day.md,p.127,"(page ref, no named section)",133,yes,FYF PDF p.133 content: Career / Climb / 8
3sw-wk5-day1,day.md,p.128,"(page ref, no named section)",134,yes,FYF PDF p.134 content: 8 / Special Effects / Makeup
3sw-wk5-day1,day.md,p.129,"(page ref, no named section)",135,yes,FYF PDF p.135 content: Concept Card / Step 2: Create Your / Concept
3sw-wk5-day1,canvas_student_page,p.127,"(page ref, no named section)",133,yes,FYF PDF p.133 content: Career / Climb / 8
3sw-wk5-day1,canvas_student_page,p.128,"(page ref, no named section)",134,yes,FYF PDF p.134 content: 8 / Special Effects / Makeup
3sw-wk5-day1,canvas_student_page,p.129,"(page ref, no named section)",135,yes,FYF PDF p.135 content: Concept Card / Step 2: Create Your / Concept
3sw-wk5-day2,day.md,p.130,"(page ref, no named section)",136,yes,FYF PDF p.136 content: DAY 2 / It’s time to bring your design to life! Get your / materials f
3sw-wk5-day2,canvas_student_page,p.129,"(page ref, no named section)",135,yes,FYF PDF p.135 content: Concept Card / Step 2: Create Your / Concept
3sw-wk5-day3,day.md,p.131,"(page ref, no named section)",137,yes,"FYF PDF p.137 content: DAY 3 / Before SFX work appears on screen, artists test, evaluate, and"
3sw-wk5-day3,canvas_student_page,p.131,"(page ref, no named section)",137,yes,"FYF PDF p.137 content: DAY 3 / Before SFX work appears on screen, artists test, evaluate, and"
3sw-wk5-day4,day.md,p.127,"(page ref, no named section)",133,yes,FYF PDF p.133 content: Career / Climb / 8
3sw-wk5-day4,day.md,p.132,"(page ref, no named section)",138,yes,"FYF PDF p.138 content: 8 / Stress Toolkit / Stress is a normal part of life, but too much of "
3sw-wk5-day4,day.md,p.133,"(page ref, no named section)",139,yes,FYF PDF p.139 content: Step 2: Create Social Media Posts / Choose three stress management tec
3sw-wk5-day4,canvas_student_page,p.132,"(page ref, no named section)",138,yes,"FYF PDF p.138 content: 8 / Stress Toolkit / Stress is a normal part of life, but too much of "
3sw-wk5-day4,canvas_student_page,p.133,"(page ref, no named section)",139,yes,FYF PDF p.139 content: Step 2: Create Social Media Posts / Choose three stress management tec
3sw-wk6-day1,day.md,p.221,"(page ref, no named section)",227,yes,FYF PDF p.227 content: Career / Climb / 13
3sw-wk6-day1,day.md,p.252,"(page ref, no named section)",258,yes,FYF PDF p.258 content: WHAT IS HAPPENING AT MY DISTRICT? / What’s Happening at / IRVING ISD
3sw-wk6-day1,day.md,p.253,"(page ref, no named section)",259,yes,FYF PDF p.259 content: Related / Students in the Business and Marketing / programs manage stu
3sw-wk6-day1,day.md,p.254,"(page ref, no named section)",260,yes,FYF PDF p.260 content: 13 / App Exploration / Get out your laptop. Open the Hats & Ladders ap
3sw-wk6-day1,canvas_student_page,p.254,"(page ref, no named section)",260,yes,FYF PDF p.260 content: 13 / App Exploration / Get out your laptop. Open the Hats & Ladders ap
3sw-wk6-day2,day.md,p.234,"(page ref, no named section)",240,yes,FYF PDF p.240 content: 13 / Million Dollar Idea / A lot of people think entrepreneurs come up
3sw-wk6-day2,day.md,p.235,"(page ref, no named section)",241,yes,FYF PDF p.241 content: Step 2: Rapid Idea Generation / Now it’s time to think like an entrepr
3sw-wk6-day2,canvas_student_page,p.234,"(page ref, no named section)",240,yes,FYF PDF p.240 content: 13 / Million Dollar Idea / A lot of people think entrepreneurs come up
3sw-wk6-day2,canvas_student_page,p.235,"(page ref, no named section)",241,yes,FYF PDF p.241 content: Step 2: Rapid Idea Generation / Now it’s time to think like an entrepr
3sw-wk6-day3,day.md,p.236,"(page ref, no named section)",242,yes,FYF PDF p.242 content: Step 4: Think Like a Real / Entrepreneur / Entrepreneurs don’t just co
3sw-wk6-day3,day.md,p.237,"(page ref, no named section)",243,yes,FYF PDF p.243 content: Step 5: Make the Call / Choose your strongest idea and decide: / • Mov
3sw-wk6-day3,canvas_student_page,p.236,"(page ref, no named section)",242,yes,FYF PDF p.242 content: Step 4: Think Like a Real / Entrepreneur / Entrepreneurs don’t just co
3sw-wk6-day3,canvas_student_page,p.237,"(page ref, no named section)",243,yes,FYF PDF p.243 content: Step 5: Make the Call / Choose your strongest idea and decide: / • Mov
3sw-wk6-day4,day.md,p.234,"(page ref, no named section)",240,yes,FYF PDF p.240 content: 13 / Million Dollar Idea / A lot of people think entrepreneurs come up
3sw-wk6-day4,day.md,p.235,"(page ref, no named section)",241,yes,FYF PDF p.241 content: Step 2: Rapid Idea Generation / Now it’s time to think like an entrepr
3sw-wk6-day4,day.md,p.236,"(page ref, no named section)",242,yes,FYF PDF p.242 content: Step 4: Think Like a Real / Entrepreneur / Entrepreneurs don’t just co
3sw-wk6-day4,day.md,p.237,"(page ref, no named section)",243,yes,FYF PDF p.243 content: Step 5: Make the Call / Choose your strongest idea and decide: / • Mov
3sw-wk6-day4,canvas_student_page,(none),(none),,n/a,"student page cites no workbook page while day.md cites [234, 235, 236, 237]"
4sw-wk1-day2,day.md,p.6,"(page ref, no named section)",12,yes,FYF PDF p.12 content: The Career Iceberg / Some careers may seem simple at first. You may th
4sw-wk1-day2,day.md,p.7,"(page ref, no named section)",13,yes,FYF PDF p.13 content: Step 2: Create Your Own Icebergs / For each career iceberg: / • Above 
4sw-wk1-day2,day.md,p.8,"(page ref, no named section)",14,yes,FYF PDF p.14 content: Nurse / Class Discussion / • How did your thinking change after
4sw-wk1-day2,day.md,p.283,"(page ref, no named section)",289,yes,"FYF PDF p.289 content: Rung 2: Career Goal / Now that you know more about yourself, it’s time"
4sw-wk1-day2,day.md,p.284,"(page ref, no named section)",290,yes,"FYF PDF p.290 content: Where might they work? (office, outdoors, hospital, school, etc.) / __"
4sw-wk1-day2,canvas_student_page,p.6,"(page ref, no named section)",12,yes,FYF PDF p.12 content: The Career Iceberg / Some careers may seem simple at first. You may th
4sw-wk1-day2,canvas_student_page,p.7,"(page ref, no named section)",13,yes,FYF PDF p.13 content: Step 2: Create Your Own Icebergs / For each career iceberg: / • Above 
4sw-wk1-day2,canvas_student_page,p.8,"(page ref, no named section)",14,yes,FYF PDF p.14 content: Nurse / Class Discussion / • How did your thinking change after
4sw-wk1-day2,canvas_student_page,p.283,"(page ref, no named section)",289,yes,"FYF PDF p.289 content: Rung 2: Career Goal / Now that you know more about yourself, it’s time"
4sw-wk1-day2,canvas_student_page,p.284,"(page ref, no named section)",290,yes,"FYF PDF p.290 content: Where might they work? (office, outdoors, hospital, school, etc.) / __"
4sw-wk2-day2,day.md,p.294,"(page ref, no named section)",300,yes,"FYF PDF p.300 content: Rung 7: High School Plan / Now that you’ve set your goals, it’s time t"
4sw-wk2-day2,day.md,p.295,"(page ref, no named section)",301,yes,"FYF PDF p.301 content: Clubs, Organizations, and Activities / What clubs, sports, CTSOs, or a"
4sw-wk2-day2,day.md,p.296,"(page ref, no named section)",302,yes,FYF PDF p.302 content: What’s Available to Me? / Think about your local high school (or a hig
4sw-wk2-day2,canvas_student_page,(none),(none),,n/a,"student page cites no workbook page while day.md cites [294, 295, 296]"
4sw-wk2-day4,day.md,p.292,"(page ref, no named section)",298,yes,FYF PDF p.298 content: Rung 6: Goal Setting / Now that you’ve explored your career and seen w
4sw-wk2-day4,day.md,p.293,"(page ref, no named section)",299,yes,FYF PDF p.299 content: Medium-Term Goal (High School) / What is something you want to accompl
4sw-wk2-day4,day.md,p.294,"(page ref, no named section)",300,yes,"FYF PDF p.300 content: Rung 7: High School Plan / Now that you’ve set your goals, it’s time t"
4sw-wk2-day4,day.md,p.295,"(page ref, no named section)",301,yes,"FYF PDF p.301 content: Clubs, Organizations, and Activities / What clubs, sports, CTSOs, or a"
4sw-wk2-day4,day.md,p.296,"(page ref, no named section)",302,yes,FYF PDF p.302 content: What’s Available to Me? / Think about your local high school (or a hig
4sw-wk2-day4,canvas_student_page,p.292,"(page ref, no named section)",298,yes,FYF PDF p.298 content: Rung 6: Goal Setting / Now that you’ve explored your career and seen w
4sw-wk2-day4,canvas_student_page,p.293,"(page ref, no named section)",299,yes,FYF PDF p.299 content: Medium-Term Goal (High School) / What is something you want to accompl
4sw-wk3-day1,day.md,p.149,"(page ref, no named section)",155,yes,FYF PDF p.155 content: Career / Climb / 10
4sw-wk3-day1,day.md,p.166,"(page ref, no named section)",172,yes,FYF PDF p.172 content: 10 / Transportation / Survey Project
4sw-wk3-day1,day.md,p.167,"(page ref, no named section)",173,yes,FYF PDF p.173 content: Step 3: Develop an Incentive / An incentive is something that motivate
4sw-wk3-day1,canvas_student_page,p.166,"(page ref, no named section)",172,yes,FYF PDF p.172 content: 10 / Transportation / Survey Project
4sw-wk3-day1,canvas_student_page,p.167,"(page ref, no named section)",173,yes,FYF PDF p.173 content: Step 3: Develop an Incentive / An incentive is something that motivate
4sw-wk3-day2,day.md,p.160,"(page ref, no named section)",166,yes,FYF PDF p.166 content: 10 / Flight Line / Fixers
4sw-wk3-day2,day.md,p.161,"(page ref, no named section)",167,yes,FYF PDF p.167 content: Step 2: Inspect the Aircraft / Partner up or join a small group. Get C
4sw-wk3-day2,day.md,p.162,"(page ref, no named section)",168,yes,FYF PDF p.168 content: Step 3: Analyze the Problem / Severity Guide / (How Mechanics Decide R
4sw-wk3-day2,day.md,p.163,"(page ref, no named section)",169,yes,FYF PDF p.169 content: Step 4: MEL Decision / (Go or No-Go) / Aircraft mechanics use a Minimu
4sw-wk3-day2,day.md,p.164,"(page ref, no named section)",170,yes,"FYF PDF p.170 content: Step 5: Maintenance Plan / If the aircraft is not safe to fly, it must"
4sw-wk3-day2,day.md,p.165,"(page ref, no named section)",171,yes,FYF PDF p.171 content: Fill out your Maintenance Plan: / Maintenance Plan / Tools and Equipme
4sw-wk3-day2,canvas_student_page,(none),(none),,n/a,"student page cites no workbook page while day.md cites [160, 161, 162, 163, 164, 165]"
4sw-wk4-day1,day.md,p.103,"(page ref, no named section)",109,yes,FYF PDF p.109 content: Career / Climb / 6
4sw-wk4-day1,day.md,p.104,"(page ref, no named section)",110,yes,FYF PDF p.110 content: 6 / Protecting Wildlife / Engineers work with people from many other c
4sw-wk4-day1,day.md,p.105,"(page ref, no named section)",111,yes,FYF PDF p.111 content: Step 3: Design Your Robot / Sketch a blueprint of your robot. Be sure 
4sw-wk4-day1,canvas_student_page,p.104,"(page ref, no named section)",110,yes,FYF PDF p.110 content: 6 / Protecting Wildlife / Engineers work with people from many other c
4sw-wk4-day1,canvas_student_page,p.105,"(page ref, no named section)",111,yes,FYF PDF p.111 content: Step 3: Design Your Robot / Sketch a blueprint of your robot. Be sure 
4sw-wk5-day1,day.md,p.149,"(page ref, no named section)",155,yes,FYF PDF p.155 content: Career / Climb / 10
4sw-wk5-day1,day.md,p.150,"(page ref, no named section)",156,yes,FYF PDF p.156 content: 10 / Crash Crew / Collision repair is all about bringing damaged
4sw-wk5-day1,day.md,p.151,"(page ref, no named section)",157,yes,FYF PDF p.157 content: Step 2: Complete the Collision Report / Collision Report / Vehicle Des
4sw-wk5-day1,canvas_student_page,p.150,"(page ref, no named section)",156,yes,FYF PDF p.156 content: 10 / Crash Crew / Collision repair is all about bringing damaged
4sw-wk5-day1,canvas_student_page,p.151,"(page ref, no named section)",157,yes,FYF PDF p.157 content: Step 2: Complete the Collision Report / Collision Report / Vehicle Des
4sw-wk5-day1,canvas_student_page,p.152,"(page ref, no named section)",158,yes,FYF PDF p.158 content: Step 4: Create a Repair Plan / Now it’s time to fix the vehicle! Colli
4sw-wk5-day4,day.md,p.168,"(page ref, no named section)",174,yes,FYF PDF p.174 content: WHAT IS HAPPENING AT MY DISTRICT? / What’s Happening at / IRVING ISD
4sw-wk5-day4,day.md,p.169,"(page ref, no named section)",175,yes,FYF PDF p.175 content: s / TSO / C
4sw-wk5-day4,canvas_student_page,p.168,"(page ref, no named section)",174,yes,FYF PDF p.174 content: WHAT IS HAPPENING AT MY DISTRICT? / What’s Happening at / IRVING ISD
4sw-wk5-day4,canvas_student_page,p.169,"(page ref, no named section)",175,yes,FYF PDF p.175 content: s / TSO / C
4sw-wk6-day1,day.md,p.153,"(page ref, no named section)",159,yes,FYF PDF p.159 content: Powerskill: Analytical / Reasoning / 10
4sw-wk6-day1,day.md,p.154,"(page ref, no named section)",160,yes,"FYF PDF p.160 content: Step 2: Diagnose the Problems / With a partner, read the clues. Conduc"
4sw-wk6-day1,day.md,p.155,"(page ref, no named section)",161,yes,FYF PDF p.161 content: Step 3: Prioritize the Issues / Now that you’ve recorded all the clues
4sw-wk6-day1,canvas_student_page,p.153,"(page ref, no named section)",159,yes,FYF PDF p.159 content: Powerskill: Analytical / Reasoning / 10
4sw-wk6-day1,canvas_student_page,p.154,"(page ref, no named section)",160,yes,"FYF PDF p.160 content: Step 2: Diagnose the Problems / With a partner, read the clues. Conduc"
4sw-wk6-day1,canvas_student_page,p.155,"(page ref, no named section)",161,yes,FYF PDF p.161 content: Step 3: Prioritize the Issues / Now that you’ve recorded all the clues
5sw-wk1-day1,day.md,p.171,"(page ref, no named section)",177,yes,FYF PDF p.177 content: Career / Climb / 11
5sw-wk1-day1,day.md,p.172,"(page ref, no named section)",178,yes,FYF PDF p.178 content: 11 / Safety Supervisor / A construction safety supervisor helps make s
5sw-wk1-day1,day.md,p.173,"(page ref, no named section)",179,yes,FYF PDF p.179 content: Step 2: Research Online / Take some time to research online and learn 
5sw-wk1-day1,canvas_student_page,p.171,"(page ref, no named section)",177,yes,FYF PDF p.177 content: Career / Climb / 11
5sw-wk1-day1,canvas_student_page,p.172,"(page ref, no named section)",178,yes,FYF PDF p.178 content: 11 / Safety Supervisor / A construction safety supervisor helps make s
5sw-wk1-day1,canvas_student_page,p.173,"(page ref, no named section)",179,yes,FYF PDF p.179 content: Step 2: Research Online / Take some time to research online and learn 
5sw-wk1-day5,day.md,p.182,"(page ref, no named section)",188,yes,FYF PDF p.188 content: 11 / Unexpected / Architecture
5sw-wk1-day5,day.md,p.183,"(page ref, no named section)",189,yes,"FYF PDF p.189 content: Step 3: Brainstorm Ideas / As a group, discuss ideas for your building"
5sw-wk1-day5,day.md,p.184,"(page ref, no named section)",190,yes,FYF PDF p.190 content: Step 5: Create a Pitch / Imagine that you are pitching your idea to th
5sw-wk1-day5,canvas_student_page,p.182,"(page ref, no named section)",188,yes,FYF PDF p.188 content: 11 / Unexpected / Architecture
5sw-wk1-day5,canvas_student_page,p.183,"(page ref, no named section)",189,yes,"FYF PDF p.189 content: Step 3: Brainstorm Ideas / As a group, discuss ideas for your building"
5sw-wk1-day5,canvas_student_page,p.184,"(page ref, no named section)",190,yes,FYF PDF p.190 content: Step 5: Create a Pitch / Imagine that you are pitching your idea to th
5sw-wk2-day1,day.md,p.103,"(page ref, no named section)",109,yes,FYF PDF p.109 content: Career / Climb / 6
5sw-wk2-day1,day.md,p.175,"(page ref, no named section)",181,yes,"FYF PDF p.181 content: Step 2: Plan the Cabinets / Now, use the floor plan to create your cab"
5sw-wk2-day1,canvas_student_page,p.103,"(page ref, no named section)",109,yes,FYF PDF p.109 content: Career / Climb / 6
5sw-wk2-day1,canvas_student_page,p.175,"(page ref, no named section)",181,yes,"FYF PDF p.181 content: Step 2: Plan the Cabinets / Now, use the floor plan to create your cab"
5sw-wk2-day5,day.md,p.106,"(page ref, no named section)",112,yes,FYF PDF p.112 content: 6 / Mission to Mars / Have you ever thought about what it takes to exp
5sw-wk2-day5,day.md,p.107,"(page ref, no named section)",113,yes,FYF PDF p.113 content: Step 2: Design Your Rover / Sketch a prototype of your Mars Rover. Lab
5sw-wk2-day5,canvas_student_page,p.106,"(page ref, no named section)",112,yes,FYF PDF p.112 content: 6 / Mission to Mars / Have you ever thought about what it takes to exp
5sw-wk2-day5,canvas_student_page,p.107,"(page ref, no named section)",113,yes,FYF PDF p.113 content: Step 2: Design Your Rover / Sketch a prototype of your Mars Rover. Lab
5sw-wk3-day4,day.md,p.176,"(page ref, no named section)",182,yes,"FYF PDF p.182 content: 11 / Spot the Problem / Buying a house isn’t just about how it looks, "
5sw-wk3-day4,day.md,p.177,"(page ref, no named section)",183,yes,FYF PDF p.183 content: Step 2: Inspect the Home / Get Climber Notes from your teacher. Study 
5sw-wk3-day4,day.md,p.178,"(page ref, no named section)",184,yes,FYF PDF p.184 content: Step 3: Look Beyond What You Can See / Not every problem is visible. S
5sw-wk3-day4,canvas_student_page,p.176,"(page ref, no named section)",182,yes,"FYF PDF p.182 content: 11 / Spot the Problem / Buying a house isn’t just about how it looks, "
5sw-wk3-day4,canvas_student_page,p.177,"(page ref, no named section)",183,yes,FYF PDF p.183 content: Step 2: Inspect the Home / Get Climber Notes from your teacher. Study 
5sw-wk3-day4,canvas_student_page,p.178,"(page ref, no named section)",184,yes,FYF PDF p.184 content: Step 3: Look Beyond What You Can See / Not every problem is visible. S
5sw-wk4-day2,day.md,p.185,"(page ref, no named section)",191,yes,FYF PDF p.191 content: Powerskill: Written / Communication / 11
5sw-wk4-day2,day.md,p.186,"(page ref, no named section)",192,yes,FYF PDF p.192 content: Step 2: Observe and Identify Problems / Get Climber Notes from your te
5sw-wk4-day2,day.md,p.187,"(page ref, no named section)",193,yes,FYF PDF p.193 content: Field Notes for Service Ticket #1 / Site: ____________________________
5sw-wk4-day2,day.md,p.188,"(page ref, no named section)",194,yes,FYF PDF p.194 content: Field Notes for Service Ticket #2 / Site: ____________________________
5sw-wk4-day2,day.md,p.189,"(page ref, no named section)",195,yes,FYF PDF p.195 content: Field Notes for Service Ticket #3 / Site: ____________________________
5sw-wk4-day2,day.md,p.190,"(page ref, no named section)",196,yes,FYF PDF p.196 content: Field Notes for Service Ticket #4 / Site: ____________________________
5sw-wk4-day2,canvas_student_page,p.185,"(page ref, no named section)",191,yes,FYF PDF p.191 content: Powerskill: Written / Communication / 11
5sw-wk4-day2,canvas_student_page,p.186,"(page ref, no named section)",192,yes,FYF PDF p.192 content: Step 2: Observe and Identify Problems / Get Climber Notes from your te
5sw-wk4-day2,canvas_student_page,p.187,"(page ref, no named section)",193,yes,FYF PDF p.193 content: Field Notes for Service Ticket #1 / Site: ____________________________
5sw-wk4-day2,canvas_student_page,p.188,"(page ref, no named section)",194,yes,FYF PDF p.194 content: Field Notes for Service Ticket #2 / Site: ____________________________
5sw-wk4-day2,canvas_student_page,p.189,"(page ref, no named section)",195,yes,FYF PDF p.195 content: Field Notes for Service Ticket #3 / Site: ____________________________
5sw-wk4-day2,canvas_student_page,p.190,"(page ref, no named section)",196,yes,FYF PDF p.196 content: Field Notes for Service Ticket #4 / Site: ____________________________
5sw-wk4-day5,day.md,p.194,"(page ref, no named section)",200,yes,FYF PDF p.200 content: 11 / Plumbing Under / Pressure
5sw-wk4-day5,day.md,p.195,"(page ref, no named section)",201,yes,FYF PDF p.201 content: Step 3: Make a Plan / List your team’s top priorities: / Before the re
5sw-wk4-day5,canvas_student_page,p.194,"(page ref, no named section)",200,yes,FYF PDF p.200 content: 11 / Plumbing Under / Pressure
5sw-wk4-day5,canvas_student_page,p.195,"(page ref, no named section)",201,yes,FYF PDF p.201 content: Step 3: Make a Plan / List your team’s top priorities: / Before the re
5sw-wk5-day1,day.md,p.285,"(page ref, no named section)",291,yes,FYF PDF p.291 content: Rung 3: Career Deep Dive / Now it’s time to take a closer look at your
5sw-wk5-day1,day.md,p.286,"(page ref, no named section)",292,yes,FYF PDF p.292 content: Salary and Outlook / Research how much people in this career earn and 
5sw-wk5-day1,canvas_student_page,(none),(none),,n/a,"student page cites no workbook page while day.md cites [285, 286]"
5sw-wk6-day3,day.md,p.238,"(page ref, no named section)",244,yes,"FYF PDF p.244 content: 13 Flip This House / Real estate investors buy homes, improve them, an"
5sw-wk6-day3,day.md,p.239,"(page ref, no named section)",245,yes,FYF PDF p.245 content: Step 2: Choose Your Upgrades / Your team has a renovation budget of $2
5sw-wk6-day3,canvas_student_page,(none),(none),,n/a,"student page cites no workbook page while day.md cites [238, 239]"
6sw-wk1-day1,day.md,p.213,"(page ref, no named section)",219,yes,FYF PDF p.219 content: Career / Climb / 14
6sw-wk1-day1,day.md,p.214,"(page ref, no named section)",220,yes,FYF PDF p.220 content: 14 Community Classroom / A great learning environment is key to helpin
6sw-wk1-day1,day.md,p.215,"(page ref, no named section)",221,yes,FYF PDF p.221 content: Step 2: Brainstorm Ideas / Pair up with another student. Use sticky no
6sw-wk1-day1,canvas_student_page,p.213,"(page ref, no named section)",219,yes,FYF PDF p.219 content: Career / Climb / 14
6sw-wk1-day1,canvas_student_page,p.214,"(page ref, no named section)",220,yes,FYF PDF p.220 content: 14 Community Classroom / A great learning environment is key to helpin
6sw-wk1-day1,canvas_student_page,p.215,"(page ref, no named section)",221,yes,FYF PDF p.221 content: Step 2: Brainstorm Ideas / Pair up with another student. Use sticky no
6sw-wk1-day4,day.md,p.216,"(page ref, no named section)",222,yes,FYF PDF p.222 content: 14 / Teach Through Play / Early childhood teachers help young children
6sw-wk1-day4,day.md,p.217,"(page ref, no named section)",223,yes,FYF PDF p.223 content: Step 3: Brainstorm Ideas / Use sticky notes to brainstorm ideas for yo
6sw-wk1-day4,canvas_student_page,p.216,"(page ref, no named section)",222,yes,FYF PDF p.222 content: 14 / Teach Through Play / Early childhood teachers help young children
6sw-wk1-day4,canvas_student_page,p.217,"(page ref, no named section)",223,yes,FYF PDF p.223 content: Step 3: Brainstorm Ideas / Use sticky notes to brainstorm ideas for yo
6sw-wk1-day5,day.md,p.218,"(page ref, no named section)",224,yes,FYF PDF p.224 content: WHAT IS HAPPENING AT MY DISTRICT? / What’s Happening at / IRVING ISD
6sw-wk1-day5,day.md,p.219,"(page ref, no named section)",225,yes,"FYF PDF p.225 content: During their junior and / senior years, students visit / elementary sc"
6sw-wk1-day5,canvas_student_page,p.218,"(page ref, no named section)",224,yes,FYF PDF p.224 content: WHAT IS HAPPENING AT MY DISTRICT? / What’s Happening at / IRVING ISD
6sw-wk1-day5,canvas_student_page,p.219,"(page ref, no named section)",225,yes,"FYF PDF p.225 content: During their junior and / senior years, students visit / elementary sc"
6sw-wk2-day1,day.md,p.255,"(page ref, no named section)",261,yes,FYF PDF p.261 content: Career / Climb / 15
6sw-wk2-day1,canvas_student_page,p.255,"(page ref, no named section)",261,yes,FYF PDF p.261 content: Career / Climb / 15
6sw-wk2-day5,day.md,p.256,"(page ref, no named section)",262,yes,FYF PDF p.262 content: 15 Merch Mode / Graphic designers are the creative minds behind the / 
6sw-wk2-day5,day.md,p.257,"(page ref, no named section)",263,yes,FYF PDF p.263 content: Step 2: Review Design Principles / Design Principle / What It Means
6sw-wk2-day5,day.md,p.258,"(page ref, no named section)",264,yes,FYF PDF p.264 content: Step 4: Sketch / Your Design / Step 5: Share Your Ideas
6sw-wk2-day5,canvas_student_page,p.256,"(page ref, no named section)",262,yes,FYF PDF p.262 content: 15 Merch Mode / Graphic designers are the creative minds behind the / 
6sw-wk2-day5,canvas_student_page,p.257,"(page ref, no named section)",263,yes,FYF PDF p.263 content: Step 2: Review Design Principles / Design Principle / What It Means
6sw-wk2-day5,canvas_student_page,p.258,"(page ref, no named section)",264,yes,FYF PDF p.264 content: Step 4: Sketch / Your Design / Step 5: Share Your Ideas
6sw-wk3-day1,canvas_student_page,p.225,"(page ref, no named section)",231,yes,"FYF PDF p.231 content: 13 / Click Factor / Ads are everywhere, especially online. People are "
6sw-wk3-day1,canvas_student_page,p.226,"(page ref, no named section)",232,yes,FYF PDF p.232 content: Step 2: Create Different Types of CTAs / Strong marketers don’t rely o
6sw-wk3-day1,canvas_student_page,p.227,"(page ref, no named section)",233,yes,FYF PDF p.233 content: Product C: After-School Snack Box / Product D: Fishing Gear / • Delive
6sw-wk3-day2,canvas_student_page,p.147,"(page ref, no named section)",153,yes,FYF PDF p.153 content: Powerskill: / Written Communication / 9
6sw-wk3-day2,canvas_student_page,p.148,"(page ref, no named section)",154,yes,FYF PDF p.154 content: Step 2: Create a Social Media Post / Your post should: / • Clearly exp
6sw-wk3-day3,day.md,p.224,"(page ref, no named section)",230,yes,FYF PDF p.230 content: Step 3: Create a Logo / Your logo will represent your / service and ov
6sw-wk3-day3,canvas_student_page,p.222,"(page ref, no named section)",228,yes,FYF PDF p.228 content: 13 / Expert Edge / Have you ever gone to someone for advice because th
6sw-wk3-day3,canvas_student_page,p.223,"(page ref, no named section)",229,yes,"FYF PDF p.229 content: Step 2: Design Your / Consulting Service / Now, choose one skill that "
6sw-wk3-day3,canvas_student_page,p.224,"(page ref, no named section)",230,yes,FYF PDF p.230 content: Step 3: Create a Logo / Your logo will represent your / service and ov
6sw-wk3-day4,canvas_student_page,p.229,"(page ref, no named section)",235,yes,FYF PDF p.235 content: Powerskill: DataInformed Decision Making / 13 / Good decisions aren’t 
6sw-wk4-day1,day.md,p.241,"(page ref, no named section)",247,yes,"FYF PDF p.247 content: 30 Seconds to Sell / 13 / In sales, you don’t always have a lot of tim"
6sw-wk4-day1,day.md,p.242,"(page ref, no named section)",248,yes,"FYF PDF p.248 content: Step 2: Choose What You’re Selling / Pick ONE: / • A product (game, ap"
6sw-wk4-day1,day.md,p.243,"(page ref, no named section)",249,yes,FYF PDF p.249 content: Step 5: Write Your / 30 Second Sales Pitch / Write your full pitch (ab
6sw-wk4-day1,canvas_student_page,p.241,"(page ref, no named section)",247,yes,"FYF PDF p.247 content: 30 Seconds to Sell / 13 / In sales, you don’t always have a lot of tim"
6sw-wk4-day1,canvas_student_page,p.242,"(page ref, no named section)",248,yes,"FYF PDF p.248 content: Step 2: Choose What You’re Selling / Pick ONE: / • A product (game, ap"
6sw-wk4-day1,canvas_student_page,p.243,"(page ref, no named section)",249,yes,FYF PDF p.249 content: Step 5: Write Your / 30 Second Sales Pitch / Write your full pitch (ab
6sw-wk4-day2,canvas_student_page,p.241,"(page ref, no named section)",247,yes,"FYF PDF p.247 content: 30 Seconds to Sell / 13 / In sales, you don’t always have a lot of tim"
6sw-wk4-day2,canvas_student_page,p.242,"(page ref, no named section)",248,yes,"FYF PDF p.248 content: Step 2: Choose What You’re Selling / Pick ONE: / • A product (game, ap"
6sw-wk4-day2,canvas_student_page,p.243,"(page ref, no named section)",249,yes,FYF PDF p.249 content: Step 5: Write Your / 30 Second Sales Pitch / Write your full pitch (ab
6sw-wk4-day3,day.md,p.244,"(page ref, no named section)",250,yes,FYF PDF p.250 content: 13 / Powerskill: / Problem Solving
6sw-wk4-day3,day.md,p.245,"(page ref, no named section)",251,yes,FYF PDF p.251 content: Social Media Post: / In-Store Display: / Key Notes from Campaign:
6sw-wk4-day3,day.md,p.246,"(page ref, no named section)",252,yes,FYF PDF p.252 content: Step 2: Brainstorm Solutions / Come up with ideas to make the campaign
6sw-wk4-day3,day.md,p.247,"(page ref, no named section)",253,yes,FYF PDF p.253 content: Step 3: Create a Mini Campaign Plan / Work as a group to design a new 
6sw-wk4-day3,canvas_student_page,p.244,"(page ref, no named section)",250,yes,FYF PDF p.250 content: 13 / Powerskill: / Problem Solving
6sw-wk4-day3,canvas_student_page,p.245,"(page ref, no named section)",251,yes,FYF PDF p.251 content: Social Media Post: / In-Store Display: / Key Notes from Campaign:
6sw-wk4-day3,canvas_student_page,p.246,"(page ref, no named section)",252,yes,FYF PDF p.252 content: Step 2: Brainstorm Solutions / Come up with ideas to make the campaign
6sw-wk4-day3,canvas_student_page,p.247,"(page ref, no named section)",253,yes,FYF PDF p.253 content: Step 3: Create a Mini Campaign Plan / Work as a group to design a new 
